text,emotion
I feel so tired of everything.,exhaustion
I can't sleep. My brain won't stop.,anxiety
I just feel really sad today.,sadness
I’m doing fine, thanks.,default
Nobody talks to me anymore.,loneliness
I’m so angry at how I was treated.,anger
It feels like there’s no point in trying.,hopelessness
I'm too exhausted to do anything.,exhaustion
Everything is too much right now.,stress
I'm scared of failing.,anxiety
I miss my friend who passed away.,grief
Sometimes I just feel nothing.,numbness
I hate how alone I feel.,loneliness
Why does it always happen to me?,anger
I just want it all to stop.,hopelessness
I’m fine I guess just tired.,exhaustion
I don’t want to get out of bed.,sadness
No one understands how I feel.,loneliness
I’m constantly worried.,anxiety
I'm not sure what's wrong with me.,default
I feel peaceful today.,default
My heart feels heavy.,grief
Why do I feel like crying?,sadness
I’m so sick of pretending.,numbness
I’m so angry I could scream.,anger
I’m not feeling well mentally.,stress
I feel completely empty.,numbness
Nothing I do seems to matter.,hopelessness
Why does my chest feel so tight?,anxiety
I just need to rest.,exhaustion
I'm grateful for today.,default
I don’t feel like talking to anyone.,loneliness
I can’t focus on anything right now.,stress
I’m scared of what’s coming.,anxiety
This pressure is crushing.,stress
I feel like a failure.,sadness
I'm okay. Just thinking.,default
I miss them so much.,grief
I feel invisible.,loneliness
I can't even cry anymore.,numbness
My brain won’t slow down.,anxiety
I feel like giving up.,hopelessness
I'm mad at everything today.,anger
No one ever checks on me.,loneliness
It’s just been a really bad week.,sadness
Everything hurts.,grief
I don’t want to keep doing this.,hopelessness
Why does this keep happening?,stress
I feel okay right now.,default
I’m just emotionally numb.,numbness
I feel like everything is falling apart.,hopelessness
I'm just so tired of pretending I'm okay.,numbness
I don’t want to feel like this anymore.,hopelessness
I'm angry at myself for being this way.,anger
Why does no one ever listen to me?,loneliness
I can't deal with this pressure.,stress
I want to cry but I can't.,numbness
I feel like I'm invisible.,loneliness
It’s all just too much.,stress
Why do I always mess things up?,sadness
My mind is racing all the time.,anxiety
I just want someone to understand me.,loneliness
No matter what I do, it’s not enough.,hopelessness
I feel overwhelmed and alone.,stress
I’m exhausted physically and mentally.,exhaustion
I wish I could disappear.,hopelessness
My thoughts are spiraling.,anxiety
I feel so disconnected from the world.,numbness
I’m trying, but it’s so hard.,hopelessness
I hate how my life turned out.,anger
No one would even notice if I was gone.,hopelessness
I’m panicking and can’t calm down.,anxiety
I keep bottling everything up.,stress
I'm done trying to be okay.,hopelessness
I can't catch a break.,stress
Sometimes I feel like a burden.,sadness
Why can't I just feel normal?,anxiety
I’m frustrated with how things are going.,anger
I feel dead inside.,numbness
It’s like I’m here but not really.,numbness
My emotions are everywhere.,stress
I miss when things were simple.,grief
I keep thinking about the past.,grief
I’m tired of fighting my own mind.,exhaustion
No one ever checks in on me.,loneliness
I want to scream but nothing comes out.,numbness
I feel like everyone is against me.,anger
I’ve lost all motivation.,exhaustion
There’s no light at the end of the tunnel.,hopelessness
I keep feeling worse each day.,sadness
I’m drowning in my thoughts.,anxiety
Why can’t I just relax?,anxiety
I don’t even know what I feel anymore.,numbness
I’ve cried so much  have no tears left.,grief
I can’t take this anymore.,hopelessness
I just want one day of peace.,stress
Everything feels meaningless.,hopelessness
I hate myself sometimes.,anger
Nobody really cares.,loneliness
I feel stuck in my own head.,anxiety
I feel like I’m failing everyone.,sadness
Life is exhausting.,exhaustion
I can't stop overthinking.,anxiety
Even happy moments feel heavy.,numbness
I don't belong anywhere.,loneliness
I feel ashamed for feeling this way.,sadness
I’m so angry but I don’t know why.,anger
Why does this happen every time?,frustration
I feel lost.,hopelessness
My mind never shuts off.,anxiety
I’m sick of pretending everything’s fine.,numbness
I hate how sensitive I am.,anger
I feel like I’m not good enough.,sadness
Everything is exhausting lately.,exhaustion
I cry myself to sleep.,grief
I don’t feel real anymore.,numbness
I’ve given up on feeling better.,hopelessness
I feel broken inside.,hopelessness
I’m scared of what's coming next.,anxiety
It’s like nothing brings me joy anymore.,numbness
I try to reach out but no one hears me.,loneliness
I’m angry at everything.,anger
I’m worried about everything.,anxiety
Even small things feel like too much.,stress
I wish I could be happy again.,sadness
I don’t care anymore.,numbness
I feel like a ghost.,numbness
I’m done hoping.,hopelessness
No one notices how hard I’m trying.,sadness
I just want to feel okay again.,default
I can’t even describe what I’m feeling.,default
I feel like giving up.,hopelessness
The silence is too loud.,loneliness
I’m afraid of disappointing people.,anxiety
I feel weak for struggling.,sadness
I want to go back to who I was.,grief
I feel like I’m screaming inside.,numbness
I’m constantly tired.,exhaustion
I’m afraid to open up.,anxiety
I'm not okay and I don’t know how to fix it.,hopelessness
Nothing feels right anymore.,numbness
I miss being happy.,grief
I’m just tired of everything.,exhaustion
I don’t feel safe in my own thoughts.,anxiety
I’m emotionally drained.,exhaustion
I want to feel something again.,numbness
I feel like I’m running out of strength.,hopelessness
It’s hard to keep going.,hopelessness
I don’t want to bother anyone with my feelings.,loneliness
Even good things don’t make me happy.,numbness
I’ve been pretending for too long.,numbness
I don’t know how much longer I can do this.,hopelessness
I feel so defeated.,hopelessness
I am really happy today.,happiness
I feel so joyful right now.,joy
Life feels beautiful.,happiness
I love spending time with my family.,love
I feel calm and relaxed.,calm
I'm so excited for tomorrow.,happiness
I feel proud of myself.,happiness
I'm grateful for today.,gratitude
