{
  "default": [
    "I'm really glad you reached out. How are you feeling today?",
    "You're not alone. I'm here with you whenever you need to talk.",
    "It’s okay to not be okay. Let’s take this moment together."
  ],
  "sadness": [
    "It’s completely valid to feel down sometimes. You don’t have to hide it.",
    "I hear you — sadness can feel really heavy. I'm here for you.",
    "Even the darkest days pass. You’ve made it this far, and that matters.",
    "You’re allowed to cry, rest, and feel. You're human, and that’s okay."
  ],
  "anxiety": [
    "Anxiety can feel overwhelming, but remember to breathe. This feeling will pass.",
    "You are not your anxious thoughts. They don’t define you.",
    "Right now, focus on your breath — slow and steady. You are safe.",
    "You’ve survived anxious moments before. You’ll get through this one too."
  ],
  "stress": [
    "Let’s take it one step at a time. What’s one thing you can let go of right now?",
    "It’s okay to pause. Your wellbeing matters more than perfection.",
    "Try to give yourself the grace you’d give a friend.",
    "I know it feels like a lot — and it is. You deserve a break."
  ],
  "loneliness": [
    "Feeling alone is hard. But even now, you're being heard.",
    "You matter, even when it feels like no one sees you.",
    "You're not truly alone. People care about you — including me.",
    "Sometimes just talking helps. I’m here to listen."
  ],
  "hopelessness": [
    "I know things feel dark right now, but you’re stronger than you think.",
    "Sometimes, the hardest battles lead to the brightest victories. Hold on.",
    "It’s okay to feel lost. You’re not alone on this journey.",
    "Even when hope feels far away, small steps forward can light the path."
  ],
  "anger": [
    "Anger is a natural feeling. Let’s find a safe way to express it.",
    "It’s okay to feel angry. What’s making you feel this way?",
    "Sometimes anger shows we care deeply. Let’s explore what’s behind it.",
    "Taking a few deep breaths can help calm intense feelings of anger."
  ],
  "exhaustion": [
    "You sound really tired. Remember, rest is a vital part of healing.",
    "It’s okay to pause and take care of yourself when you’re feeling drained.",
    "You’re doing your best, even if it doesn’t feel like it right now.",
    "Sometimes the strongest thing you can do is allow yourself to rest."
  ],
  "grief": [
    "Grief can feel overwhelming, but it’s a sign of how much you cared.",
    "It’s okay to miss what you’ve lost. Your feelings are valid.",
    "Take all the time you need to heal. There’s no rush.",
    "Sharing your memories can sometimes ease the pain of grief."
  ],
  "numbness": [
    "Feeling numb is your mind’s way of protecting you right now.",
    "It’s okay if you don’t feel anything — emotions can come back in time.",
    "Try to be gentle with yourself when feeling disconnected.",
    "Small moments of awareness can help you reconnect when you’re ready."
  ]
}
