text,label
I feel so sad and down today.,0
Tears keep falling and I can't stop crying.,0
My heart aches with loneliness.,0
I feel empty and hopeless.,0
Nothing seems to cheer me up anymore.,0
I just want to stay in bed and hide.,0
Sometimes the sadness is overwhelming.,0
I feel like giving up on everything.,0
I miss how things used to be.,0
I'm constantly feeling blue and gloomy.,0
I don't have the energy to do anything.,0
Life feels so unfair and painful.,0
I feel isolated and misunderstood.,0
Sometimes I don't even recognize myself.,0
Sadness weighs me down like a heavy blanket.,0
I'm struggling to find motivation.,0
I keep replaying painful memories.,0
My sadness feels like a deep dark hole.,0
I wish someone would just listen to me.,0
Feeling sad is exhausting.,0
My heart races when I think about tomorrow.,1
I feel nervous all the time.,1
I can't stop worrying about what could go wrong.,1
Anxiety takes over my mind.,1
I feel jittery and restless.,1
Sometimes I get panic attacks.,1
My stomach is always in knots.,1
I feel like I'm on edge.,1
I struggle to focus because of anxiety.,1
I worry about things that haven't even happened.,1
I get overwhelmed by small tasks.,1
The fear feels paralyzing sometimes.,1
I'm scared to face social situations.,1
I feel breathless and tense.,1
My mind races with negative thoughts.,1
I dread what the future might hold.,1
I constantly expect the worst to happen.,1
Anxiety feels like a storm inside me.,1
I can't relax or find peace.,1
Sometimes anxiety controls me.,1
I feel completely overwhelmed by work.,2
Too many deadlines are stressing me out.,2
I can't handle the pressure anymore.,2
Stress is affecting my sleep and health.,2
My mind is racing with everything I need to do.,2
I feel like I'm drowning in responsibilities.,2
Stress makes it hard to focus.,2
I get headaches from stress.,2
I feel irritable and short-tempered.,2
I can't catch a break from stress.,2
Every day feels like a battle.,2
Stress is making me feel exhausted.,2
I find it hard to relax after a stressful day.,2
My anxiety gets worse with stress.,2
I feel mentally drained and tense.,2
Sometimes I just want to scream.,2
Stress affects my relationships.,2
I feel stuck and overwhelmed.,2
Pressure makes me doubt myself.,2
Stress is taking over my life.,2
I get angry very quickly these days.,3
I feel frustrated and mad all the time.,3
People irritate me like never before.,3
I want to yell and scream.,3
Anger makes me feel out of control.,3
Sometimes I regret how angry I get.,3
My temper flares up easily.,3
I feel resentful towards others.,3
I'm tired of holding in my anger.,3
I want to punch something when I get mad.,3
Anger is burning inside me.,3
I find it hard to calm down once angry.,3
I feel misunderstood and angry.,3
My anger scares me sometimes.,3
I lash out without meaning to.,3
Anger clouds my judgment.,3
I want to release my frustration.,3
Sometimes anger protects me from hurt.,3
I struggle with forgiving when angry.,3
I want to channel my anger positively.,3
I feel tired all the time.,4
My body aches and I have no energy.,4
I feel completely burnt out.,4
Exhaustion is taking over my mind.,4
I struggle to get out of bed.,4
I need rest but can't find the time.,4
I feel drained after simple tasks.,4
My motivation is at zero.,4
I can't concentrate because I'm so tired.,4
Exhaustion affects my mood.,4
I feel physically and mentally worn out.,4
I'm overwhelmed by constant fatigue.,4
I want to sleep forever.,4
Even small things wear me out.,4
I have no strength left.,4
I feel weak and helpless.,4
Exhaustion affects my relationships.,4
I feel disconnected due to tiredness.,4
My mind feels foggy and slow.,4
I need a break badly.,4
I feel so alone in this world.,5
No one seems to understand me.,5
Sometimes I cry because I feel lonely.,5
I wish I had someone to talk to.,5
Loneliness hurts more than anything.,5
I feel isolated and disconnected.,5
Being alone makes me anxious.,5
I crave connection but feel rejected.,5
I spend too much time by myself.,5
I feel invisible to others.,5
Loneliness is a heavy burden.,5
I miss having close friends.,5
I feel like no one cares.,5
Sometimes loneliness feels like a shadow.,5
I want to be seen and heard.,5
Isolation makes me sad.,5
I’m afraid to reach out to others.,5
Loneliness affects my mental health.,5
I feel emotionally distant from people.,5
I wish I could find belonging.,5
I feel happy and content today.,6
Everything is going great!,6
I’m so grateful for my family and friends.,6
Joy fills my heart.,6
I’m excited about the future.,6
I love spending time with people I care about.,6
Today is a beautiful day.,6
I feel peaceful and relaxed.,6
I laugh easily and often.,6
I’m proud of my achievements.,6
Positive energy surrounds me.,6
I’m motivated and inspired.,6
I appreciate the little things.,6
I feel hopeful and optimistic.,6
I have a strong sense of purpose.,6
I enjoy my hobbies and passions.,6
I feel confident and empowered.,6
I embrace challenges with positivity.,6
I’m connected to the world around me.,6
I’m thankful for this moment.,6
I want to end my life.,7
I feel like I can't go on anymore.,7
I'm thinking about suicide.,7
I just want the pain to stop.,7
There's no reason for me to live.,7
I can't take this anymore.,7
I'm done with everything.,7
I feel hopeless and want to disappear.,7
No one would miss me if I were gone.,7
I'm better off dead.,7
I want to give up completely.,7
Everything feels meaningless.,7
I feel like a burden to everyone.,7
I don’t belong in this world.,7
I wish I could just vanish.,7
I feel trapped with no way out.,7
Death feels like the only escape.,7
I'm tired of pretending I’m okay.,7
I keep thinking about ending it all.,7
Life has no purpose anymore.,7
