{
  "default": [
    "Thank you for sharing how you feel. Sometimes putting feelings into words is the first step toward healing.",
    "I'm here to listen whenever you want to share more about what’s on your mind.",
    "Acknowledging your emotions is important. Let’s take this one step at a time together."
  ],
  "sadness": [
    "Feeling sad is a natural human response to loss or disappointment. Remember, allowing yourself to feel sadness is part of emotional healing.",
    "Try to express your feelings—whether through writing, talking to someone you trust, or creative activities like art or music.",
    "If your sadness persists or feels overwhelming, it might be helpful to speak with a mental health professional who can provide tailored support."
  ],
  "anxiety": [
    "Anxiety often triggers our fight-or-flight response. When you feel anxious, try deep breathing: inhale slowly for 4 seconds, hold for 4, then exhale for 6.",
    "Grounding techniques—like focusing on the physical sensations around you—can help bring your mind back to the present moment.",
    "Remember, anxious thoughts can be challenged and reframed. It can be helpful to note down what you’re worried about and assess the evidence for those worries."
  ],
  "stress": [
    "Stress affects both mind and body. Regular breaks, gentle exercise, and mindfulness meditation have been shown to reduce stress effectively.",
    "Prioritize tasks and set realistic goals. Saying ‘no’ or delegating can be vital for managing your stress levels.",
    "If you notice chronic stress symptoms, consider talking to a healthcare provider about ways to support your wellbeing."
  ],
  "loneliness": [
    "Loneliness is a common experience, especially during challenging times. Reaching out—even in small ways—to friends, family, or community groups can help reduce it.",
    "Engaging in activities that you enjoy or learning new skills can also build connections and improve mood.",
    "Sometimes professional support groups or therapists can provide a safe space to explore these feelings and develop coping strategies."
  ],
  "anger": [
    "Anger is a natural emotion that signals when our boundaries or values are challenged. It’s important to express it safely and constructively.",
    "Try pausing before reacting—take deep breaths or count to ten to help calm intense feelings.",
    "Channel your anger into activities like physical exercise or journaling to process it without harm to yourself or others."
  ],
  "exhaustion": [
    "Exhaustion can indicate physical or emotional burnout. Prioritize rest and self-care as vital steps toward recovery.",
    "Maintaining a consistent sleep schedule and gentle physical activity can gradually restore energy levels.",
    "If feelings of exhaustion persist despite rest, consulting a healthcare professional can help identify underlying causes."
  ],
  "happiness": [
    "It’s wonderful to experience happiness. Cultivating gratitude by reflecting on positive moments can enhance your overall wellbeing.",
    "Sharing your joy with others can deepen your connections and uplift those around you.",
    "Continue engaging in activities that bring you fulfillment and balance in life."
  ]
}
